<keymap version="1" name="Windows copy" parent="$default">
  <action id="EditorDown">
    <keyboard-shortcut first-keystroke="down" />
    <keyboard-shortcut first-keystroke="alt s" />
  </action>
  <action id="EditorLeft">
    <keyboard-shortcut first-keystroke="left" />
    <keyboard-shortcut first-keystroke="alt a" />
  </action>
  <action id="EditorRight">
    <keyboard-shortcut first-keystroke="right" />
    <keyboard-shortcut first-keystroke="alt d" />
  </action>
  <action id="EditorUp">
    <keyboard-shortcut first-keystroke="up" />
    <keyboard-shortcut first-keystroke="alt w" />
  </action>
  <action id="Macro.Format and Save">
    <keyboard-shortcut first-keystroke="ctrl s" />
  </action>
  <action id="SaveAll" />
  <action id="ToggleDistractionFreeMode">
    <keyboard-shortcut first-keystroke="ctrl back_slash" />
  </action>
</keymap>